City,Lat,Lng,Max_Temp,Humidity,Cloudiness,Wind_Speed,Country_Code,Country_Name,UTC_DateTime,Hemisphere
EAST LONDON,-33.02,27.91,18.94,37,0,4.59,ZA,South Africa,2020-07-18 20:52:24,Southern
TIKSI,71.69,128.87,8.69,98,100,3.77,RU,Russian Federation,2020-07-18 20:57:01,Northern
CAPE CANAVERAL,28.41,-80.6,31.0,70,20,4.1,US,United States,2020-07-18 20:57:02,Northern
JAQUE,7.52,-78.17,28.07,77,98,1.25,PA,Panama,2020-07-18 20:57:02,Northern
MAR DEL PLATA,-38.0,-57.56,13.0,87,100,2.1,AR,Argentina,2020-07-18 20:53:58,Southern
NIKOLSKOYE,59.7,30.79,17.22,67,100,2.0,RU,Russian Federation,2020-07-18 20:57:02,Northern
PALEMBANG,-2.92,104.75,23.33,96,95,1.15,ID,Indonesia,2020-07-18 20:57:02,Southern
YELLOWKNIFE,62.46,-114.35,22.78,52,20,6.2,CA,Canada,2020-07-18 20:54:50,Northern
HOBART,-42.88,147.33,8.0,81,75,1.0,AU,Australia,2020-07-18 20:52:54,Southern
RIKITEA,-23.12,-134.97,22.59,80,31,9.57,PF,French Polynesia,2020-07-18 20:57:03,Southern
BARROW,71.29,-156.79,3.0,80,90,6.2,US,United States,2020-07-18 20:57:03,Northern
MAHEBOURG,-20.41,57.7,21.0,56,75,5.7,MU,Mauritius,2020-07-18 20:55:03,Southern
SAINT-PHILIPPE,-21.36,55.77,19.0,88,90,5.7,RE,Réunion,2020-07-18 20:57:03,Southern
CHAMBAS,22.19,-78.91,32.0,70,40,5.7,CU,Cuba,2020-07-18 20:57:03,Northern
BENGKULU,-3.8,102.27,23.69,89,86,1.65,ID,Indonesia,2020-07-18 20:57:03,Southern
SANTIAGO DEL ESTERO,-27.8,-64.26,27.84,40,0,2.32,AR,Argentina,2020-07-18 20:57:04,Southern
ARRAIAL DO CABO,-22.97,-42.03,22.0,78,0,8.7,BR,Brazil,2020-07-18 20:57:04,Southern
KODIAK,57.79,-152.41,15.0,77,90,2.6,US,United States,2020-07-18 20:57:04,Northern
YUNCHENG,35.02,110.99,21.25,77,100,0.74,CN,China,2020-07-18 20:57:04,Northern
ATUONA,-9.8,-139.03,26.37,77,63,6.29,PF,French Polynesia,2020-07-18 20:57:04,Southern
HILO,19.73,-155.09,28.0,69,90,4.6,US,United States,2020-07-18 20:56:11,Northern
OJINAGA,29.57,-104.42,37.0,25,40,3.1,MX,Mexico,2020-07-18 20:57:04,Northern
BAMBARI,5.77,20.68,20.86,95,22,1.04,CF,Central African Republic,2020-07-18 20:57:05,Northern
ALBANY,42.6,-73.97,33.89,26,42,2.48,US,United States,2020-07-18 20:57:05,Northern
PEMBA,-12.97,40.52,22.83,75,0,9.09,MZ,Mozambique,2020-07-18 20:57:05,Southern
BATAGAY,67.63,134.63,16.64,74,100,1.11,RU,Russian Federation,2020-07-18 20:57:05,Northern
PUNTA ARENAS,-53.15,-70.92,2.0,80,40,8.2,CL,Chile,2020-07-18 20:57:05,Southern
XINING,36.62,101.77,8.56,80,0,1.34,CN,China,2020-07-18 20:53:09,Northern
TURA,25.52,90.22,24.17,97,100,2.62,IN,India,2020-07-18 20:57:06,Northern
WANNING,18.8,110.4,27.26,84,71,4.92,CN,China,2020-07-18 20:57:06,Northern
RICHARDS BAY,-28.78,32.04,15.31,65,0,3.6,ZA,South Africa,2020-07-18 20:57:06,Southern
KEMPELE,64.91,25.5,18.0,77,20,3.1,FI,Finland,2020-07-18 20:57:06,Northern
LOUBOMO,-4.2,12.67,21.76,79,55,1.78,CG,Congo,2020-07-18 20:57:06,Southern
BAMBOUS VIRIEUX,-20.34,57.76,21.0,56,75,5.7,MU,Mauritius,2020-07-18 20:55:03,Southern
MATAURA,-46.19,168.86,0.12,91,0,1.21,NZ,New Zealand,2020-07-18 20:57:06,Southern
BYRON BAY,-28.65,153.62,11.67,93,40,3.1,AU,Australia,2020-07-18 20:52:57,Southern
HARPER,4.38,-7.72,24.52,85,19,3.11,LR,Liberia,2020-07-18 20:57:07,Northern
NORTHAM,51.03,-4.22,15.56,96,100,4.47,GB,United Kingdom,2020-07-18 20:57:07,Northern
SOLNECHNYY,50.72,136.63,21.59,91,95,0.38,RU,Russian Federation,2020-07-18 20:57:07,Northern
BREDASDORP,-34.53,20.04,13.0,87,0,2.1,ZA,South Africa,2020-07-18 20:57:07,Southern
EYL,7.98,49.82,26.72,62,27,12.77,SO,Somalia,2020-07-18 20:57:07,Northern
SAN CRISTOBAL,7.77,-72.22,35.0,34,40,12.3,VE,"Venezuela, Bolivarian Republic of",2020-07-18 20:57:07,Northern
ZHIGANSK,66.77,123.37,14.07,90,0,4.36,RU,Russian Federation,2020-07-18 20:57:08,Northern
KAPAA,22.08,-159.32,28.89,74,75,4.6,US,United States,2020-07-18 20:57:08,Northern
THOMPSON,55.74,-97.86,22.0,49,75,4.6,CA,Canada,2020-07-18 20:53:08,Northern
FREDONIA,42.44,-79.33,29.0,51,1,4.1,US,United States,2020-07-18 20:55:53,Northern
FAIRBANKS,64.84,-147.72,17.0,72,90,2.6,US,United States,2020-07-18 20:55:34,Northern
HAJNOWKA,52.74,23.58,17.78,71,0,2.37,PL,Poland,2020-07-18 20:56:04,Northern
NEW NORFOLK,-42.78,147.06,7.22,82,52,1.48,AU,Australia,2020-07-18 20:57:08,Southern
MUZHI,65.37,64.67,11.21,95,4,0.88,RU,Russian Federation,2020-07-18 20:57:08,Northern
BUSSELTON,-33.65,115.33,10.56,78,46,2.78,AU,Australia,2020-07-18 20:57:08,Southern
NEON SOULION,41.1,23.65,21.67,82,35,1.5,GR,Greece,2020-07-18 20:57:09,Northern
CABO SAN LUCAS,22.89,-109.91,32.0,49,5,2.6,MX,Mexico,2020-07-18 20:52:46,Northern
PORT ALFRED,-33.59,26.89,16.56,68,0,5.0,ZA,South Africa,2020-07-18 20:57:09,Southern
ABHA,18.22,42.51,23.0,40,20,2.22,SA,Saudi Arabia,2020-07-18 20:57:09,Northern
ANLOGA,5.79,0.9,24.0,88,20,4.1,GH,Ghana,2020-07-18 20:57:09,Northern
USHUAIA,-54.8,-68.3,1.0,86,75,0.52,AR,Argentina,2020-07-18 20:55:50,Southern
DENPASAR,-8.65,115.22,24.84,84,88,3.45,ID,Indonesia,2020-07-18 20:52:52,Southern
ZHANAOZEN,43.3,52.8,25.63,45,0,3.73,KZ,Kazakhstan,2020-07-18 20:57:09,Northern
DAWEI,14.08,98.2,25.09,89,100,0.97,MM,Myanmar,2020-07-18 20:57:10,Northern
JASPER,37.2,-94.35,33.89,55,20,6.7,US,United States,2020-07-18 20:54:01,Northern
AVARUA,-21.21,-159.78,23.0,73,79,5.7,CK,Cook Islands,2020-07-18 20:57:08,Southern
HERMANUS,-34.42,19.23,11.11,94,0,0.45,ZA,South Africa,2020-07-18 20:54:04,Southern
RONDONOPOLIS,-16.47,-54.64,31.26,25,0,2.98,BR,Brazil,2020-07-18 20:57:10,Southern
CIDREIRA,-30.18,-50.21,18.81,83,1,4.69,BR,Brazil,2020-07-18 20:57:10,Southern
GRAND GAUBE,-20.01,57.66,20.0,68,2,1.34,MU,Mauritius,2020-07-18 20:55:03,Southern
CHOKURDAKH,70.63,147.92,9.95,54,0,5.42,RU,Russian Federation,2020-07-18 20:57:10,Northern
BUTARITARI,3.07,172.79,28.41,76,1,6.53,KI,Kiribati,2020-07-18 20:57:10,Northern
PUERTO AYORA,-0.74,-90.35,27.0,61,40,8.2,EC,Ecuador,2020-07-18 20:52:29,Southern
SAINT GEORGE,37.1,-113.58,40.56,14,1,1.5,US,United States,2020-07-18 20:57:11,Northern
SREDNEKOLYMSK,67.45,153.68,11.89,62,0,1.75,RU,Russian Federation,2020-07-18 20:57:11,Northern
COIHAIQUE,-45.58,-72.07,0.0,86,90,1.5,CL,Chile,2020-07-18 20:57:11,Southern
CARNARVON,-24.87,113.63,11.0,76,0,4.6,AU,Australia,2020-07-18 20:57:11,Southern
ARANOS,-24.13,19.12,10.48,40,0,5.17,NA,Namibia,2020-07-18 20:57:11,Southern
ANCUD,-41.87,-73.82,11.67,93,90,7.2,CL,Chile,2020-07-18 20:57:12,Southern
VANAVARA,60.34,102.28,8.07,94,87,2.04,RU,Russian Federation,2020-07-18 20:57:12,Northern
CLYDE RIVER,70.47,-68.59,7.0,81,75,7.7,CA,Canada,2020-07-18 20:57:12,Northern
HOMER,59.64,-151.55,17.78,72,40,3.1,US,United States,2020-07-18 20:57:12,Northern
ZAGARE,56.36,23.25,20.0,68,90,2.1,LT,Lithuania,2020-07-18 20:57:12,Northern
ILYICH,40.85,68.51,25.28,34,2,2.66,KZ,Kazakhstan,2020-07-18 20:57:12,Northern
ASAU,46.43,26.4,22.0,68,40,2.1,RO,Romania,2020-07-18 20:57:12,Northern
KATSUURA,35.13,140.3,23.33,96,100,7.51,JP,Japan,2020-07-18 20:57:12,Northern
THABAZIMBI,-24.59,27.41,9.88,39,0,0.89,ZA,South Africa,2020-07-18 20:54:04,Southern
VILA FRANCA DO CAMPO,37.72,-25.43,21.0,77,20,4.6,PT,Portugal,2020-07-18 20:57:13,Northern
YAR-SALE,66.83,70.83,9.65,93,98,4.47,RU,Russian Federation,2020-07-18 20:57:13,Northern
SARANGANI,5.4,125.46,29.01,71,22,5.01,PH,Philippines,2020-07-18 20:57:13,Northern
SAN FELIPE,10.34,-68.74,27.35,82,95,1.75,VE,"Venezuela, Bolivarian Republic of",2020-07-18 20:57:13,Northern
PONTA DO SOL,32.67,-17.1,23.33,83,40,4.6,PT,Portugal,2020-07-18 20:57:13,Northern
SMITHERS,54.78,-127.17,15.0,82,90,1.0,CA,Canada,2020-07-18 20:57:13,Northern
CONSTITUCION,-35.33,-72.42,13.56,85,88,6.48,CL,Chile,2020-07-18 20:57:13,Southern
MOUNT PLEASANT,32.79,-79.86,34.44,66,1,5.1,US,United States,2020-07-18 20:54:11,Northern
NARSAQ,60.92,-46.05,19.0,39,20,4.6,GL,Greenland,2020-07-18 20:57:14,Northern
PELEDUY,59.63,112.74,8.22,92,3,1.6,RU,Russian Federation,2020-07-18 20:57:14,Northern
QAANAAQ,77.48,-69.36,9.49,67,94,0.99,GL,Greenland,2020-07-18 20:57:14,Northern
VAINI,-21.2,-175.2,25.0,94,75,2.6,TO,Tonga,2020-07-18 20:57:14,Southern
LAGOA,39.05,-27.98,20.88,79,14,5.33,PT,Portugal,2020-07-18 20:57:14,Northern
FLINDERS,-34.58,150.86,10.56,88,100,0.89,AU,Australia,2020-07-18 20:57:14,Southern
LA ASUNCION,11.03,-63.86,28.16,76,18,6.26,VE,"Venezuela, Bolivarian Republic of",2020-07-18 20:55:34,Northern
TEKNAF,20.86,92.31,26.8,87,100,2.08,BD,Bangladesh,2020-07-18 20:57:15,Northern
YAAN,7.38,8.57,23.61,86,28,1.79,NG,Nigeria,2020-07-18 20:57:15,Northern
VILA,42.03,-8.16,25.56,38,0,3.1,PT,Portugal,2020-07-18 20:57:15,Northern
CARAVELAS,-17.71,-39.25,21.99,69,84,3.02,BR,Brazil,2020-07-18 20:57:15,Southern
BALLESTEROS,18.41,121.52,26.09,85,91,4.78,PH,Philippines,2020-07-18 20:57:15,Northern
EGVEKINOT,66.32,-179.17,6.77,69,40,3.16,RU,Russian Federation,2020-07-18 20:57:15,Northern
JAMESTOWN,42.1,-79.24,30.56,54,1,4.6,US,United States,2020-07-18 20:56:55,Northern
PAAMIUT,61.99,-49.67,8.5,82,40,4.13,GL,Greenland,2020-07-18 20:57:15,Northern
PROVIDENIYA,64.38,-173.3,8.03,75,93,1.56,RU,Russian Federation,2020-07-18 20:57:15,Northern
BLUFF,-46.6,168.33,2.79,80,0,3.85,NZ,New Zealand,2020-07-18 20:57:16,Southern
DREZDENKO,52.84,15.83,19.44,76,2,1.7,PL,Poland,2020-07-18 20:57:16,Northern
RAFAI,4.95,23.92,19.75,98,46,1.01,CF,Central African Republic,2020-07-18 20:57:16,Northern
LAVRENTIYA,65.58,-171.0,9.18,70,84,3.2,RU,Russian Federation,2020-07-18 20:57:16,Northern
ISLA MUJERES,21.23,-86.73,30.0,74,75,5.7,MX,Mexico,2020-07-18 20:57:16,Northern
GIGMOTO,13.78,124.39,27.12,82,99,3.07,PH,Philippines,2020-07-18 20:57:17,Northern
SUR,22.57,59.53,30.85,67,4,3.87,OM,Oman,2020-07-18 20:57:17,Northern
STRELKA,58.07,93.03,7.18,88,23,0.65,RU,Russian Federation,2020-07-18 20:57:17,Northern
PADILLA,3.22,-76.31,32.0,40,20,3.1,CO,Colombia,2020-07-18 20:57:17,Northern
HUALMAY,-11.1,-77.61,18.01,70,20,4.49,PE,Peru,2020-07-18 20:57:17,Southern
KENDARI,-3.94,122.5,22.47,94,17,1.33,ID,Indonesia,2020-07-18 20:57:17,Southern
AIRAI,-8.93,125.41,12.85,53,94,1.15,TL,Timor-Leste,2020-07-18 20:57:17,Southern
ILULISSAT,69.22,-51.1,13.0,32,100,2.1,GL,Greenland,2020-07-18 20:57:17,Northern
DALI,25.7,100.18,17.23,88,100,1.74,CN,China,2020-07-18 20:57:17,Northern
KONDINSKOYE,59.65,67.41,21.38,81,6,2.62,RU,Russian Federation,2020-07-18 20:57:17,Northern
KAVIENG,-2.57,150.8,27.6,74,100,2.99,PG,Papua New Guinea,2020-07-18 20:57:18,Southern
MAKUENI,-1.8,37.62,16.72,67,100,2.15,KE,Kenya,2020-07-18 20:57:18,Southern
IQUIQUE,-20.22,-70.14,17.0,63,90,5.1,CL,Chile,2020-07-18 20:57:18,Southern
DONGOBESH,-4.07,35.38,10.77,76,97,3.78,TZ,"Tanzania, United Republic of",2020-07-18 20:57:18,Southern
MERCEDES,-34.65,-59.43,15.0,99,98,0.45,AR,Argentina,2020-07-18 20:57:18,Southern
AKLAVIK,68.22,-135.01,8.0,93,90,4.6,CA,Canada,2020-07-18 20:57:19,Northern
SAYYAN,15.17,44.32,19.65,41,91,0.9,YE,Yemen,2020-07-18 20:57:19,Northern
PONTA DELGADA,37.73,-25.67,21.0,77,20,4.6,PT,Portugal,2020-07-18 20:57:19,Northern
BAUTZEN,51.18,14.43,18.89,90,13,0.45,DE,Germany,2020-07-18 20:57:19,Northern
TASIILAQ,65.61,-37.64,10.0,60,24,5.1,GL,Greenland,2020-07-18 20:57:19,Northern
SEVERO-KURILSK,50.68,156.12,10.87,86,71,4.99,RU,Russian Federation,2020-07-18 20:57:19,Northern
TIGIL,57.8,158.67,11.55,93,95,2.29,RU,Russian Federation,2020-07-18 20:57:20,Northern
TOMMOT,58.96,126.29,15.1,87,100,1.48,RU,Russian Federation,2020-07-18 20:57:20,Northern
ANTSOHIHY,-14.88,47.99,18.85,64,0,4.25,MG,Madagascar,2020-07-18 20:57:20,Southern
MASON CITY,43.15,-93.2,33.0,63,20,5.1,US,United States,2020-07-18 20:57:20,Northern
PENICHE,39.36,-9.38,19.44,90,0,2.68,PT,Portugal,2020-07-18 20:57:20,Northern
PORTLAND,45.52,-122.68,26.67,47,1,3.1,US,United States,2020-07-18 20:54:48,Northern
NORMAN WELLS,65.28,-126.83,21.0,68,75,5.7,CA,Canada,2020-07-18 20:57:20,Northern
DEPUTATSKIY,69.3,139.9,10.29,60,84,3.78,RU,Russian Federation,2020-07-18 20:57:21,Northern
LONGYEARBYEN,78.22,15.64,8.0,75,75,3.1,SJ,Svalbard and Jan Mayen,2020-07-18 20:57:21,Northern
RIBEIRA GRANDE,38.52,-28.7,23.0,64,75,5.7,PT,Portugal,2020-07-18 20:57:21,Northern
VILYUYSK,63.76,121.62,13.91,89,75,2.3,RU,Russian Federation,2020-07-18 20:57:21,Northern
CIANJUR,-6.82,107.14,22.22,96,46,0.45,ID,Indonesia,2020-07-18 20:57:21,Southern
SAN PATRICIO,19.22,-104.7,32.0,75,5,5.1,MX,Mexico,2020-07-18 20:57:21,Northern
MANADHOO,5.77,73.38,28.41,73,100,7.59,MV,Maldives,2020-07-18 20:57:21,Northern
LIBERAL,37.04,-100.92,38.0,24,1,8.2,US,United States,2020-07-18 20:57:21,Northern
CASTRO,-24.79,-50.01,17.07,81,10,1.88,BR,Brazil,2020-07-18 20:57:22,Southern
SORLAND,67.67,12.69,12.74,82,46,7.93,NO,Norway,2020-07-18 20:57:22,Northern
KUTUM,14.2,24.67,25.6,53,27,1.81,SD,Sudan,2020-07-18 20:57:22,Northern
UREKI,42.0,41.78,24.0,88,75,1.5,GE,Georgia,2020-07-18 20:57:22,Northern
TAKORADI,4.88,-1.76,23.97,92,82,3.05,GH,Ghana,2020-07-18 20:57:22,Northern
SALDANHA,-33.01,17.94,11.0,81,0,1.5,ZA,South Africa,2020-07-18 20:57:22,Southern
ATHERTON,53.52,-2.49,14.44,81,78,1.79,GB,United Kingdom,2020-07-18 20:57:22,Northern
CHUY,-33.7,-53.46,18.56,90,95,2.58,UY,Uruguay,2020-07-18 20:57:22,Southern
PORT HAWKESBURY,45.62,-61.35,20.56,77,90,3.1,CA,Canada,2020-07-18 20:57:22,Northern
NAMTSY,62.72,129.67,17.0,82,100,2.0,RU,Russian Federation,2020-07-18 20:57:23,Northern
LOS ALAMOS,35.89,-106.31,30.56,30,40,2.1,US,United States,2020-07-18 20:57:23,Northern
PISCO,-13.7,-76.22,18.0,72,6,4.1,PE,Peru,2020-07-18 20:57:23,Southern
KOLPASHEVO,58.31,82.91,13.81,74,0,2.09,RU,Russian Federation,2020-07-18 20:57:23,Northern
MOERAI,-22.43,-151.33,20.49,71,14,7.76,PF,French Polynesia,2020-07-18 20:57:23,Southern
SALINOPOLIS,-0.61,-47.36,26.55,83,47,4.54,BR,Brazil,2020-07-18 20:57:23,Southern
DOLORES,-36.31,-57.68,14.84,87,100,1.12,AR,Argentina,2020-07-18 20:57:23,Southern
NISHIHARA,26.18,127.76,28.0,83,40,4.6,JP,Japan,2020-07-18 20:57:23,Northern
BETHEL,41.37,-73.41,33.33,38,1,3.1,US,United States,2020-07-18 20:52:40,Northern
TORBAY,47.67,-52.73,20.56,52,75,3.6,CA,Canada,2020-07-18 20:57:24,Northern
YERBOGACHEN,61.28,108.01,7.04,95,26,1.71,RU,Russian Federation,2020-07-18 20:57:24,Northern
SHELBURNE,44.08,-80.2,31.0,43,20,5.1,CA,Canada,2020-07-18 20:57:24,Northern
HOIMA,1.44,31.34,16.22,74,47,1.27,UG,Uganda,2020-07-18 20:57:24,Northern
GILGIT,35.92,74.31,26.47,34,77,1.15,PK,Pakistan,2020-07-18 20:57:24,Northern
TINGI,-11.3,35.03,10.86,91,3,0.24,TZ,"Tanzania, United Republic of",2020-07-18 20:57:24,Southern
QUI NHON,13.77,109.23,25.32,84,100,2.04,VN,Viet Nam,2020-07-18 20:57:24,Northern
ORANGEVILLE,43.92,-80.1,31.67,43,20,5.1,CA,Canada,2020-07-18 20:54:28,Northern
TAMASANE,-22.42,27.4,8.54,60,0,1.52,BW,Botswana,2020-07-18 20:57:25,Southern
MAKAKILO CITY,21.35,-158.09,29.0,66,90,4.6,US,United States,2020-07-18 20:57:25,Northern
FORT NELSON,58.81,-122.7,24.0,41,75,1.0,CA,Canada,2020-07-18 20:57:25,Northern
PORT MACQUARIE,-31.43,152.92,6.67,98,65,1.89,AU,Australia,2020-07-18 20:57:20,Southern
MUTUM,-19.8,-41.44,20.28,65,83,1.08,BR,Brazil,2020-07-18 20:57:25,Southern
KARRATHA,-20.74,116.85,19.18,74,93,5.16,AU,Australia,2020-07-18 20:55:41,Southern
LES ESCOUMINS,48.11,-69.02,21.88,62,84,4.46,CA,Canada,2020-07-18 20:57:25,Northern
KHATANGA,71.97,102.5,7.64,81,100,1.46,RU,Russian Federation,2020-07-18 20:57:25,Northern
NAPLES,40.83,14.25,23.0,53,20,2.6,IT,Italy,2020-07-18 20:55:22,Northern
QOBUSTAN,40.08,49.41,24.0,88,0,2.1,AZ,Azerbaijan,2020-07-18 20:57:26,Northern
CARUTAPERA,-1.2,-46.02,24.84,91,16,3.33,BR,Brazil,2020-07-18 20:57:26,Southern
HITHADHOO,-0.6,73.08,26.72,76,100,13.96,MV,Maldives,2020-07-18 20:57:26,Southern
SOUTHBRIDGE,42.08,-72.03,31.67,40,0,0.45,US,United States,2020-07-18 20:54:40,Northern
LONGYAN,25.11,117.02,23.4,88,37,1.4,CN,China,2020-07-18 20:52:39,Northern
LOMPOC,34.64,-120.46,22.22,64,5,7.2,US,United States,2020-07-18 20:57:26,Northern
YATE,51.54,-2.42,16.67,88,100,0.89,GB,United Kingdom,2020-07-18 20:57:26,Northern
VESHENSKAYA,49.63,41.73,15.32,90,0,1.98,RU,Russian Federation,2020-07-18 20:57:27,Northern
UPERNAVIK,72.79,-56.15,9.37,53,0,3.19,GL,Greenland,2020-07-18 20:57:27,Northern
GERALDTON,-28.77,114.6,9.0,93,5,2.1,AU,Australia,2020-07-18 20:57:27,Southern
ITOMAN,26.12,127.67,28.0,83,40,5.1,JP,Japan,2020-07-18 20:57:27,Northern
JACKSON,42.42,-122.83,32.22,37,1,1.68,US,United States,2020-07-18 20:53:31,Northern
CHERSKIY,68.75,161.3,16.73,62,0,1.86,RU,Russian Federation,2020-07-18 20:57:27,Northern
FAANUI,-16.48,-151.75,24.06,84,90,8.92,PF,French Polynesia,2020-07-18 20:57:27,Southern
KATOBU,-4.94,122.53,22.23,94,100,1.4,ID,Indonesia,2020-07-18 20:57:28,Southern
WAJIR,1.75,40.06,24.7,54,66,10.22,KE,Kenya,2020-07-18 20:57:28,Northern
ARUSHA,-3.37,36.68,17.0,72,75,3.6,TZ,"Tanzania, United Republic of",2020-07-18 20:57:28,Southern
PRESIDENTE EPITACIO,-21.76,-52.12,25.1,41,0,3.1,BR,Brazil,2020-07-18 20:57:28,Southern
SANTA CRUZ DE LA PALMA,28.68,-17.76,25.0,83,44,6.2,ES,Spain,2020-07-18 20:57:28,Northern
TUKTOYAKTUK,69.45,-133.04,6.0,87,90,5.7,CA,Canada,2020-07-18 20:57:28,Northern
PYAOZERSKIY,65.83,31.17,17.34,75,100,1.7,RU,Russian Federation,2020-07-18 20:57:28,Northern
COCKBURN TOWN,21.46,-71.14,28.31,78,0,7.27,TC,Turks and Caicos Islands,2020-07-18 20:57:28,Northern
HUSAVIK,66.04,-17.34,6.0,81,75,8.2,IS,Iceland,2020-07-18 20:57:06,Northern
BAIRIKI,1.33,172.98,29.0,70,20,5.1,KI,Kiribati,2020-07-18 20:57:29,Northern
THE VALLEY,18.22,-63.06,31.0,62,40,5.1,AI,Anguilla,2020-07-18 20:57:29,Northern
KRUISFONTEIN,-34.0,24.73,11.9,81,0,3.25,ZA,South Africa,2020-07-18 20:57:29,Southern
SAINT-ANDRE-LES-VERGERS,48.29,4.05,22.0,53,42,1.0,FR,France,2020-07-18 20:57:29,Northern
LAGUNA,38.42,-121.42,34.44,35,1,1.5,US,United States,2020-07-18 20:57:29,Northern
AUKI,-8.77,160.7,26.51,80,55,2.0,SB,Solomon Islands,2020-07-18 20:57:29,Southern
SAINT-JOSEPH,-21.37,55.62,19.0,88,90,5.7,RE,Réunion,2020-07-18 20:57:29,Southern
KAITANGATA,-46.28,169.85,7.22,87,2,2.24,NZ,New Zealand,2020-07-18 20:57:30,Southern
ACARAU,-2.89,-40.12,26.89,72,92,5.52,BR,Brazil,2020-07-18 20:57:30,Southern
CABEDELO,-6.98,-34.83,25.0,78,40,4.6,BR,Brazil,2020-07-18 20:57:30,Southern
NAMATANAI,-3.67,152.43,26.32,80,89,2.04,PG,Papua New Guinea,2020-07-18 20:57:30,Southern
UMM LAJJ,25.02,37.27,28.25,65,0,2.3,SA,Saudi Arabia,2020-07-18 20:57:30,Northern
KAHULUI,20.89,-156.47,32.0,52,20,10.3,US,United States,2020-07-18 20:56:03,Northern
BATHSHEBA,13.22,-59.52,31.0,62,40,7.2,BB,Barbados,2020-07-18 20:57:30,Northern
KOZIENICE,51.58,21.55,20.56,97,99,2.98,PL,Poland,2020-07-18 20:57:30,Northern
PECOS,31.42,-103.49,38.0,24,1,5.1,US,United States,2020-07-18 20:57:31,Northern
TOUROS,-5.2,-35.46,23.0,88,75,3.1,BR,Brazil,2020-07-18 20:53:05,Southern
POINT FORTIN,10.18,-61.68,30.0,69,19,4.94,TT,Trinidad and Tobago,2020-07-18 20:56:48,Northern
KOUPELA,12.18,-0.35,28.41,64,78,3.63,BF,Burkina Faso,2020-07-18 20:57:31,Northern
OLAFSVIK,64.89,-23.71,8.82,81,25,7.97,IS,Iceland,2020-07-18 20:57:31,Northern
VANDERHOOF,54.02,-124.02,13.36,88,100,0.89,CA,Canada,2020-07-18 20:57:31,Northern
POLUNOCHNOYE,60.87,60.42,15.13,76,8,1.65,RU,Russian Federation,2020-07-18 20:57:31,Northern
WAINGAPU,-9.66,120.26,22.47,83,46,2.29,ID,Indonesia,2020-07-18 20:57:31,Southern
YATOU,37.15,122.38,22.27,97,100,7.26,CN,China,2020-07-18 20:57:31,Northern
NAMIBE,-15.2,12.15,19.72,78,0,2.37,AO,Angola,2020-07-18 20:57:31,Southern
BOSASO,11.28,49.18,33.29,40,93,11.66,SO,Somalia,2020-07-18 20:57:32,Northern
NOUADHIBOU,20.93,-17.03,22.0,88,75,5.7,MR,Mauritania,2020-07-18 20:57:32,Northern
LEWISTOWN,40.6,-77.57,34.0,34,1,1.89,US,United States,2020-07-18 20:54:17,Northern
BROOME,42.25,-75.83,31.67,40,1,3.1,US,United States,2020-07-18 20:57:32,Northern
FORTUNA,40.6,-124.16,21.11,64,20,5.1,US,United States,2020-07-18 20:53:41,Northern
VOSTOK,46.49,135.88,19.14,82,8,0.35,RU,Russian Federation,2020-07-18 20:57:32,Northern
PARIT BUNTAR,5.13,100.49,26.0,88,20,1.0,MY,Malaysia,2020-07-18 20:57:33,Northern
NATA,8.33,-80.52,28.33,56,84,0.89,PA,Panama,2020-07-18 20:57:33,Northern
ESQUIAS,14.73,-87.37,32.0,46,20,6.2,HN,Honduras,2020-07-18 20:57:33,Northern
KRASNAYA GORKA,55.2,56.67,18.76,82,100,1.94,RU,Russian Federation,2020-07-18 20:57:33,Northern
CHUPA,66.27,33.05,18.43,74,88,1.82,RU,Russian Federation,2020-07-18 20:57:33,Northern
KRATOVO,42.08,22.18,19.0,82,75,2.1,MK,North Macedonia,2020-07-18 20:57:33,Northern
CIRO MARINA,39.37,17.13,22.81,71,4,3.67,IT,Italy,2020-07-18 20:55:24,Northern
DEPOK,-6.4,106.82,26.11,88,20,1.0,ID,Indonesia,2020-07-18 20:57:34,Southern
BEIRA,-19.84,34.84,22.0,78,75,5.1,MZ,Mozambique,2020-07-18 20:57:34,Southern
SIDNEY,-33.87,151.21,8.33,93,100,3.6,AU,Australia,2020-07-18 20:53:57,Southern
SCARBOROUGH,54.28,-0.4,16.11,82,80,2.69,GB,United Kingdom,2020-07-18 20:57:34,Northern
NANAKULI,21.39,-158.15,29.0,66,90,4.6,US,United States,2020-07-18 20:57:34,Northern
MOREE,-29.47,149.85,4.0,86,0,5.7,AU,Australia,2020-07-18 20:57:34,Southern
CULPEPER,38.5,-77.97,36.67,28,1,2.6,US,United States,2020-07-18 20:54:42,Northern
BANI WALID,31.76,13.99,22.59,83,0,4.89,LY,Libya,2020-07-18 20:57:35,Northern
MANUK MANGKAW,4.8,119.85,29.12,69,28,3.17,PH,Philippines,2020-07-18 20:57:35,Northern
BULGAN,48.81,103.53,8.59,90,28,1.4,MN,Mongolia,2020-07-18 20:57:35,Northern
GRINDAVIK,63.84,-22.43,11.0,71,75,9.8,IS,Iceland,2020-07-18 20:57:35,Northern
PORT ELIZABETH,-33.92,25.57,15.0,82,0,5.1,ZA,South Africa,2020-07-18 20:57:35,Southern
BARABAI,-2.58,115.38,22.48,93,43,0.59,ID,Indonesia,2020-07-18 20:57:35,Southern
ANADYR,64.75,177.48,11.0,66,40,6.0,RU,Russian Federation,2020-07-18 20:57:35,Northern
AYNA,-12.65,-73.92,21.86,51,32,1.88,PE,Peru,2020-07-18 20:57:35,Southern
AKRANES,64.32,-22.07,10.0,71,75,9.8,IS,Iceland,2020-07-18 20:57:36,Northern
HERVEY BAY,-25.3,152.85,11.67,85,5,1.79,AU,Australia,2020-07-18 20:57:36,Southern
PREOBRAZHENIYE,42.9,133.91,16.48,84,0,2.05,RU,Russian Federation,2020-07-18 20:57:36,Northern
ALIM,9.56,122.49,26.5,75,5,4.62,PH,Philippines,2020-07-18 20:57:36,Northern
BEDFORD,52.13,-0.47,18.89,74,99,2.68,GB,United Kingdom,2020-07-18 20:57:14,Northern
CONCEPCION,-36.83,-73.05,14.0,93,90,7.7,CL,Chile,2020-07-18 20:56:34,Southern
ALPENA,45.06,-83.43,29.0,70,1,8.2,US,United States,2020-07-18 20:57:36,Northern
KOUSSERI,12.08,15.03,30.0,62,20,1.5,CM,Cameroon,2020-07-18 20:57:36,Northern
PORT-GENTIL,-0.72,8.78,24.0,94,20,5.11,GA,Gabon,2020-07-18 20:57:37,Southern
GUERRERO NEGRO,27.98,-114.06,27.66,44,0,7.82,MX,Mexico,2020-07-18 20:57:37,Northern
ILEBO,-4.32,20.58,21.81,49,10,0.09,CD,"Congo, The Democratic Republic of the",2020-07-18 20:57:37,Southern
OGA,46.46,10.35,14.0,62,90,4.6,IT,Italy,2020-07-18 20:57:37,Northern
NANORTALIK,60.14,-45.24,9.71,72,50,1.54,GL,Greenland,2020-07-18 20:57:37,Northern
MACKAY,-21.15,149.2,11.67,93,99,3.1,AU,Australia,2020-07-18 20:57:37,Southern
LATA,40.16,-8.33,28.33,47,0,1.34,PT,Portugal,2020-07-18 20:57:37,Northern
CAP MALHEUREUX,-19.98,57.61,20.0,68,2,1.34,MU,Mauritius,2020-07-18 20:57:37,Southern
LORENGAU,-2.02,147.27,26.4,80,100,1.56,PG,Papua New Guinea,2020-07-18 20:57:37,Southern
SAO FILIPE,14.9,-24.5,24.23,76,34,4.67,CV,Cabo Verde,2020-07-18 20:57:38,Northern
PASCAGOULA,30.37,-88.56,34.44,59,90,3.1,US,United States,2020-07-18 20:57:38,Northern
SOLA,-13.88,167.55,26.4,80,74,1.78,VU,Vanuatu,2020-07-18 20:57:38,Southern
LA CELIA,5.04,-76.02,28.0,58,40,3.1,CO,Colombia,2020-07-18 20:57:38,Northern
SAINT-GEORGES,12.06,-61.75,30.0,74,20,9.3,GD,Grenada,2020-07-18 20:57:38,Northern
SASKYLAKH,71.92,114.08,7.36,71,28,5.15,RU,Russian Federation,2020-07-18 20:57:38,Northern
BIRAO,10.28,22.79,23.23,89,100,2.42,CF,Central African Republic,2020-07-18 20:57:38,Northern
LA RONGE,55.1,-105.28,18.0,82,75,2.6,CA,Canada,2020-07-18 20:57:39,Northern
BALABAC,7.99,117.06,28.27,76,100,3.47,PH,Philippines,2020-07-18 20:57:39,Northern
BATAGAY-ALYTA,67.8,130.41,13.61,88,98,1.1,RU,Russian Federation,2020-07-18 20:57:39,Northern
KATIMA MULILO,-17.5,24.27,10.0,53,0,1.0,NA,Namibia,2020-07-18 20:57:39,Southern
ZHICHENG,30.3,111.5,21.11,98,100,1.38,CN,China,2020-07-18 20:57:39,Northern
YASHAN,22.2,109.94,25.73,91,99,2.27,CN,China,2020-07-18 20:57:39,Northern
PETAWAWA,45.9,-77.33,31.11,38,20,2.96,CA,Canada,2020-07-18 20:53:33,Northern
LUDERITZ,-26.65,15.16,21.0,21,0,3.6,NA,Namibia,2020-07-18 20:57:39,Southern
BANDRELE,-12.91,45.19,25.0,65,0,7.7,YT,Mayotte,2020-07-18 20:57:40,Southern
KHANI,41.96,42.96,23.0,88,75,3.1,GE,Georgia,2020-07-18 20:57:40,Northern
LISALA,2.15,21.52,20.56,95,84,0.31,CD,"Congo, The Democratic Republic of the",2020-07-18 20:57:40,Northern
JYVASKYLA,62.24,25.72,19.44,82,73,1.5,FI,Finland,2020-07-18 20:57:40,Northern
CURURUPU,-1.83,-44.87,24.99,85,6,1.28,BR,Brazil,2020-07-18 20:57:40,Southern
RORVIK,64.86,11.24,13.95,81,100,3.81,NO,Norway,2020-07-18 20:57:40,Northern
LEBU,-37.62,-73.65,11.48,88,100,6.24,CL,Chile,2020-07-18 20:57:40,Southern
POPONDETTA,-8.75,148.25,22.41,91,96,1.26,PG,Papua New Guinea,2020-07-18 20:57:40,Southern
OLENINO,56.21,33.49,13.27,73,54,2.17,RU,Russian Federation,2020-07-18 20:57:41,Northern
RATNAGIRI,16.98,73.3,26.58,86,65,1.87,IN,India,2020-07-18 20:57:41,Northern
VILLARROBLEDO,39.27,-2.6,27.78,26,0,0.45,ES,Spain,2020-07-18 20:57:41,Northern
AMAPA,1.0,-52.0,25.22,94,19,0.63,BR,Brazil,2020-07-18 20:57:41,Northern
BULAWAYO,-20.15,28.58,8.29,70,0,3.73,ZW,Zimbabwe,2020-07-18 20:57:41,Southern
ALOFI,-19.06,-169.92,24.98,77,95,7.46,NU,Niue,2020-07-18 20:57:41,Southern
WAMBA,8.93,8.6,22.98,88,61,0.92,NG,Nigeria,2020-07-18 20:57:41,Northern
BEIHAI,21.48,109.1,29.78,80,100,3.27,CN,China,2020-07-18 20:57:41,Northern
SEYMCHAN,62.88,152.43,13.81,54,9,2.22,RU,Russian Federation,2020-07-18 20:57:41,Northern
HAMBANTOTA,6.12,81.12,26.46,81,82,5.2,LK,Sri Lanka,2020-07-18 20:57:42,Northern
BIRJAND,32.87,59.22,22.0,24,0,2.1,IR,"Iran, Islamic Republic of",2020-07-18 20:57:42,Northern
VARKAUS,62.32,27.87,18.89,82,84,0.5,FI,Finland,2020-07-18 20:57:42,Northern
KETI BANDAR,24.14,67.45,30.09,79,3,5.84,PK,Pakistan,2020-07-18 20:57:42,Northern
GUIYANG,26.58,106.72,21.0,94,90,4.0,CN,China,2020-07-18 20:53:41,Northern
NANTUCKET,41.28,-70.1,24.44,94,90,4.1,US,United States,2020-07-18 20:57:42,Northern
JINKA,5.65,36.65,17.11,78,97,0.31,ET,Ethiopia,2020-07-18 20:57:42,Northern
TRAIRI,-3.28,-39.27,26.37,73,93,4.2,BR,Brazil,2020-07-18 20:53:26,Southern
CANELA,-29.37,-50.82,27.22,69,0,1.92,BR,Brazil,2020-07-18 20:57:43,Southern
AKDEPE,42.06,59.38,32.0,39,0,3.1,TM,Turkmenistan,2020-07-18 20:57:43,Northern
NACALA,-14.54,40.67,20.24,82,0,3.81,MZ,Mozambique,2020-07-18 20:57:43,Southern
KITIMAT,54.05,-128.65,16.0,82,90,6.7,CA,Canada,2020-07-18 20:57:43,Northern
VARDO,70.37,31.11,10.35,92,100,3.08,NO,Norway,2020-07-18 20:57:43,Northern
TUAL,-5.67,132.75,25.68,81,64,8.02,ID,Indonesia,2020-07-18 20:57:43,Southern
HANMER SPRINGS,-42.52,172.82,6.83,79,100,0.76,NZ,New Zealand,2020-07-18 20:57:44,Southern
FUKUMA,33.77,130.47,25.0,83,95,5.1,JP,Japan,2020-07-18 20:57:44,Northern
CLARKSBURG,39.28,-80.34,33.0,46,20,5.1,US,United States,2020-07-18 20:57:44,Northern
SUNGAIPENUH,-2.08,101.38,17.35,92,87,1.24,ID,Indonesia,2020-07-18 20:57:44,Southern
MAYUMBA,-3.43,10.66,21.3,91,16,1.66,GA,Gabon,2020-07-18 20:57:44,Southern
DUNEDIN,-45.87,170.5,7.78,87,0,2.24,NZ,New Zealand,2020-07-18 20:57:44,Southern
LOA JANAN,-0.58,117.09,22.48,97,50,0.71,ID,Indonesia,2020-07-18 20:57:44,Southern
YIDU,24.16,115.13,24.15,87,64,1.28,CN,China,2020-07-18 20:57:44,Northern
KIMBE,-5.55,150.14,24.26,88,36,1.45,PG,Papua New Guinea,2020-07-18 20:57:45,Southern
SOLIN,43.55,16.5,17.0,63,51,1.5,HR,Croatia,2020-07-18 20:57:45,Northern
INNISFAIL,-17.53,146.03,8.89,99,89,2.31,AU,Australia,2020-07-18 20:57:45,Southern
DINGLE,11.0,122.67,24.53,88,90,1.89,PH,Philippines,2020-07-18 20:57:45,Northern
CERVO,43.67,-7.41,20.56,81,0,3.83,ES,Spain,2020-07-18 20:57:45,Northern
POZO COLORADO,-23.49,-58.8,28.6,38,50,3.03,PY,Paraguay,2020-07-18 20:57:45,Southern
SITKA,57.05,-135.33,13.0,93,90,5.1,US,United States,2020-07-18 20:57:45,Northern
SAMARAI,-10.62,150.67,24.92,85,94,7.01,PG,Papua New Guinea,2020-07-18 20:57:45,Southern
NUEVE DE JULIO,-35.44,-60.88,15.28,79,98,2.8,AR,Argentina,2020-07-18 20:55:58,Southern
KOSHURNIKOVO,54.17,93.3,6.52,96,0,1.22,RU,Russian Federation,2020-07-18 20:57:45,Northern
AVANIGADDA,16.02,80.92,27.84,84,78,2.1,IN,India,2020-07-18 20:57:46,Northern
PASNI,25.26,63.47,30.36,82,16,4.36,PK,Pakistan,2020-07-18 20:57:46,Northern
RAWAH,34.48,41.91,31.53,12,0,4.61,IQ,Iraq,2020-07-18 20:57:46,Northern
POP,40.87,71.11,27.0,36,35,2.1,UZ,Uzbekistan,2020-07-18 20:57:46,Northern
CAYENNE,4.93,-52.33,28.0,78,99,1.0,GF,French Guiana,2020-07-18 20:57:46,Northern
IXTAPA,20.7,-105.2,32.22,66,40,3.6,MX,Mexico,2020-07-18 20:52:54,Northern
TOORA-KHEM,52.47,96.11,6.02,85,0,0.67,RU,Russian Federation,2020-07-18 20:57:46,Northern
PEVEK,69.7,170.31,6.23,71,13,1.55,RU,Russian Federation,2020-07-18 20:57:47,Northern
VERKH-SUETKA,53.3,80.05,14.27,90,9,4.43,RU,Russian Federation,2020-07-18 20:57:47,Northern
BANDA ACEH,5.56,95.32,26.12,80,71,1.6,ID,Indonesia,2020-07-18 20:57:47,Northern
BROWNSVILLE,25.9,-97.5,32.0,70,1,6.2,US,United States,2020-07-18 20:57:47,Northern
ALICE SPRINGS,-23.7,133.88,6.0,35,0,2.6,AU,Australia,2020-07-18 20:56:10,Southern
HALIFAX,44.65,-63.57,26.67,70,18,1.34,CA,Canada,2020-07-18 20:57:40,Northern
MEHAMN,71.04,27.85,10.73,80,53,2.01,NO,Norway,2020-07-18 20:57:47,Northern
PORTO NOVO,6.5,2.6,25.0,88,20,3.6,BJ,Benin,2020-07-18 20:57:47,Northern
LARAP,14.3,122.65,26.26,87,100,2.98,PH,Philippines,2020-07-18 20:57:47,Northern
GOLDSBORO,35.38,-77.99,35.0,53,20,4.6,US,United States,2020-07-18 20:54:01,Northern
MOCUBA,-16.84,36.99,15.71,97,0,1.11,MZ,Mozambique,2020-07-18 20:57:48,Southern
DAVILA,18.47,120.58,27.44,84,74,2.23,PH,Philippines,2020-07-18 20:57:48,Northern
SWABI,34.12,72.47,30.34,56,58,1.83,PK,Pakistan,2020-07-18 20:57:48,Northern
CROTONE,39.09,17.12,22.4,75,0,0.87,IT,Italy,2020-07-18 20:57:48,Northern
ARMAN,59.7,150.17,14.25,60,97,3.7,RU,Russian Federation,2020-07-18 20:57:48,Northern
ULLADULLA,-35.35,150.47,10.0,71,100,3.6,AU,Australia,2020-07-18 20:57:48,Southern
MARSH HARBOUR,26.54,-77.06,28.29,78,100,6.35,BS,Bahamas,2020-07-18 20:57:48,Northern
BARUUN-URT,46.68,113.28,11.9,81,100,4.67,MN,Mongolia,2020-07-18 20:57:48,Northern
PRESIDENTE VENCESLAU,-21.88,-51.84,24.24,43,0,3.81,BR,Brazil,2020-07-18 20:57:49,Southern
SAN QUINTIN,30.48,-115.95,24.33,63,2,7.74,MX,Mexico,2020-07-18 20:57:49,Northern
ROCHA,-34.48,-54.33,18.08,88,100,1.79,UY,Uruguay,2020-07-18 20:57:49,Southern
LIMBANG,4.75,115.0,25.0,94,75,0.5,MY,Malaysia,2020-07-18 20:57:49,Northern
HAY RIVER,60.82,-115.8,24.0,47,40,3.6,CA,Canada,2020-07-18 20:57:49,Northern
TAKAKA,-40.85,172.8,11.11,88,100,3.13,NZ,New Zealand,2020-07-18 20:57:50,Southern
PARRITA,9.52,-84.32,29.0,51,40,5.1,CR,Costa Rica,2020-07-18 20:57:50,Northern
WALVIS BAY,-22.96,14.51,22.0,13,0,7.2,NA,Namibia,2020-07-18 20:57:50,Southern
SOUILLAC,-20.52,57.52,21.0,56,75,5.7,MU,Mauritius,2020-07-18 20:57:50,Southern
CORN ISLAND,12.17,-83.04,28.58,78,100,6.41,NI,Nicaragua,2020-07-18 20:57:50,Northern
MESSINA,38.19,15.55,24.0,88,40,1.0,IT,Italy,2020-07-18 20:57:50,Northern
JUYBAR,36.64,52.91,25.0,88,0,2.1,IR,"Iran, Islamic Republic of",2020-07-18 20:57:50,Northern
MECCA,21.43,39.83,32.22,16,64,2.55,SA,Saudi Arabia,2020-07-18 20:57:50,Northern
PORT HARDY,50.7,-127.42,16.0,82,75,2.6,CA,Canada,2020-07-18 20:55:40,Northern
BISKAMZHA,53.45,89.53,9.23,88,67,1.86,RU,Russian Federation,2020-07-18 20:57:50,Northern
WENDEN,50.97,7.87,19.44,82,100,1.33,DE,Germany,2020-07-18 20:57:51,Northern
OUDTSHOORN,-33.59,22.2,11.0,93,0,2.6,ZA,South Africa,2020-07-18 20:57:51,Southern
GLADSTONE,-23.85,151.25,10.0,87,0,3.6,AU,Australia,2020-07-18 20:57:51,Southern
DIKSON,73.51,80.55,4.11,95,100,3.52,RU,Russian Federation,2020-07-18 20:57:51,Northern
MARAWI,8.0,124.29,24.44,88,24,0.89,PH,Philippines,2020-07-18 20:57:51,Northern
HIRARA,24.8,125.28,29.26,82,98,8.42,JP,Japan,2020-07-18 20:57:51,Northern
KUNUNURRA,-15.77,128.73,12.0,36,21,1.84,AU,Australia,2020-07-18 20:57:51,Southern
SARNY,51.34,26.6,16.53,87,68,2.64,UA,Ukraine,2020-07-18 20:57:51,Northern
KRASNOGORSKOYE,52.3,86.2,13.54,84,0,1.29,RU,Russian Federation,2020-07-18 20:57:52,Northern
ANGOCHE,-16.23,39.91,21.45,76,42,4.46,MZ,Mozambique,2020-07-18 20:57:52,Southern
SALALAH,17.02,54.09,29.0,89,75,2.1,OM,Oman,2020-07-18 20:57:52,Northern
GALLE,6.04,80.22,26.84,86,100,4.47,LK,Sri Lanka,2020-07-18 20:57:52,Northern
MBAIKI,3.87,17.99,20.63,98,54,0.24,CF,Central African Republic,2020-07-18 20:57:52,Northern
NHULUNBUY,-12.23,136.77,18.0,93,0,4.18,AU,Australia,2020-07-18 20:57:52,Southern
EL ROSARIO,24.26,-107.18,38.0,39,40,5.1,MX,Mexico,2020-07-18 20:57:52,Northern
MEULABOH,4.14,96.13,25.38,83,100,1.68,ID,Indonesia,2020-07-18 20:57:52,Northern
LAKE CITY,30.19,-82.64,32.0,62,75,5.7,US,United States,2020-07-18 20:57:52,Northern
AHIPARA,-35.17,173.17,15.33,90,100,5.25,NZ,New Zealand,2020-07-18 20:57:53,Southern
COAHUAYANA,18.73,-103.68,29.0,62,75,4.1,MX,Mexico,2020-07-18 20:57:53,Northern
BELOHA,-25.17,45.05,16.05,77,0,4.01,MG,Madagascar,2020-07-18 20:57:53,Southern
BUSHEHR,28.97,50.84,32.0,62,20,1.86,IR,"Iran, Islamic Republic of",2020-07-18 20:57:53,Northern
SULANGAN,11.14,123.72,28.54,71,99,3.63,PH,Philippines,2020-07-18 20:57:53,Northern
FLIN FLON,54.77,-101.86,16.0,93,90,3.1,CA,Canada,2020-07-18 20:57:53,Northern
VICTORIA,22.29,114.16,28.89,79,77,4.47,HK,Hong Kong,2020-07-18 20:54:43,Northern
LAHIJ,13.17,44.58,32.99,36,100,1.49,YE,Yemen,2020-07-18 20:57:53,Northern
SIRJAN,29.45,55.68,25.01,24,5,4.36,IR,"Iran, Islamic Republic of",2020-07-18 20:57:54,Northern
CHIHUAHUA,28.5,-106.0,33.0,26,40,4.1,MX,Mexico,2020-07-18 20:57:26,Northern
XINZHOU,38.41,112.73,15.98,70,65,0.41,CN,China,2020-07-18 20:57:54,Northern
SALAYA,22.32,69.6,29.1,81,11,6.99,IN,India,2020-07-18 20:57:54,Northern
SOBOLEVO,54.43,31.9,13.68,83,0,1.32,RU,Russian Federation,2020-07-18 20:57:54,Northern
CALABOZO,8.92,-67.43,27.99,86,100,0.58,VE,"Venezuela, Bolivarian Republic of",2020-07-18 20:56:20,Northern
PORT AUGUSTA,-32.5,137.77,8.0,93,0,3.6,AU,Australia,2020-07-18 20:57:54,Southern
UGOOFAARU,5.67,73.0,28.42,74,100,8.44,MV,Maldives,2020-07-18 20:57:54,Northern
NANNING,22.82,108.32,28.0,83,100,1.0,CN,China,2020-07-18 20:57:54,Northern
NOME,64.5,-165.41,15.56,62,1,4.6,US,United States,2020-07-18 20:57:54,Northern
LINCOLN,40.8,-96.67,36.0,47,1,7.7,US,United States,2020-07-18 20:55:13,Northern
AMAHAI,-3.33,128.92,26.11,97,91,0.45,ID,Indonesia,2020-07-18 20:57:55,Southern
CAIRNS,-16.92,145.77,15.0,82,86,5.1,AU,Australia,2020-07-18 20:55:17,Southern
TRIPOLI,32.88,13.19,24.64,82,7,4.87,LY,Libya,2020-07-18 20:55:37,Northern
TSIROANOMANDIDY,-18.77,46.03,13.71,64,1,2.63,MG,Madagascar,2020-07-18 20:57:55,Southern
SAO LUIZ GONZAGA,-28.41,-54.96,21.75,82,0,3.43,BR,Brazil,2020-07-18 20:57:55,Southern
MAO,39.89,4.27,23.0,83,20,3.1,ES,Spain,2020-07-18 20:57:55,Northern
ANDENES,69.31,16.12,12.0,87,0,3.6,NO,Norway,2020-07-18 20:57:55,Northern
OSTROVNOY,68.05,39.51,16.11,60,37,6.29,RU,Russian Federation,2020-07-18 20:57:55,Northern
AGADEZ,19.75,10.25,33.9,11,29,4.99,NE,Niger,2020-07-18 20:57:55,Northern
AVERA,33.19,-82.53,35.0,44,1,3.1,US,United States,2020-07-18 20:57:56,Northern
FULING,29.7,107.39,23.52,90,99,0.62,CN,China,2020-07-18 20:57:56,Northern
CAPIM GROSSO,-11.38,-40.01,22.24,68,60,5.39,BR,Brazil,2020-07-18 20:57:56,Southern
ARLIT,18.74,7.39,35.99,21,42,4.32,NE,Niger,2020-07-18 20:57:56,Northern
OLINDA,-8.01,-34.86,26.0,69,40,6.2,BR,Brazil,2020-07-18 20:57:56,Southern
MARGATE,51.38,1.39,18.33,82,0,0.89,GB,United Kingdom,2020-07-18 20:57:46,Northern
HORSHAM,51.06,-0.33,20.0,68,59,2.1,GB,United Kingdom,2020-07-18 20:57:56,Northern
HAINES JUNCTION,60.75,-137.51,21.76,37,60,1.16,CA,Canada,2020-07-18 20:57:57,Northern
LARSNES,62.2,5.58,13.89,70,5,2.68,NO,Norway,2020-07-18 20:57:57,Northern
HALF MOON BAY,37.46,-122.43,24.44,64,5,3.6,US,United States,2020-07-18 20:57:28,Northern
BARDIYAH,31.76,25.09,22.87,81,0,3.84,LY,Libya,2020-07-18 20:57:57,Northern
TE ANAU,-45.42,167.72,1.13,85,0,0.39,NZ,New Zealand,2020-07-18 20:57:57,Southern
HOKITIKA,-42.72,170.97,9.35,68,6,1.99,NZ,New Zealand,2020-07-18 20:57:57,Southern
EL COYOTE,25.7,-103.27,34.0,28,20,4.92,MX,Mexico,2020-07-18 20:57:57,Northern
MARIENBURG,54.04,19.03,18.89,82,0,0.5,PL,Poland,2020-07-18 20:57:58,Northern
NECOCHEA,-38.55,-58.74,10.56,91,87,0.89,AR,Argentina,2020-07-18 20:57:58,Southern
MUJIAYINGZI,42.12,118.78,18.22,81,99,1.44,CN,China,2020-07-18 20:57:58,Northern
OUAHIGOUYA,13.58,-2.42,31.15,50,51,4.45,BF,Burkina Faso,2020-07-18 20:57:58,Northern
MEZEN,65.85,44.24,9.51,84,13,1.05,RU,Russian Federation,2020-07-18 20:57:58,Northern
ADRE,13.47,22.2,25.56,57,71,5.1,TD,Chad,2020-07-18 20:57:58,Northern
SUEZ,29.97,32.53,23.95,70,0,4.92,EG,Egypt,2020-07-18 20:53:41,Northern
AYAN,56.45,138.17,12.57,98,100,2.91,RU,Russian Federation,2020-07-18 20:57:58,Northern
COQUIMBO,-29.95,-71.34,15.0,72,100,4.1,CL,Chile,2020-07-18 20:57:58,Southern
KLOULKLUBED,7.04,134.26,29.21,65,60,3.4,PW,Palau,2020-07-18 20:57:59,Northern
KITAKAMI,39.28,141.12,21.49,91,100,0.71,JP,Japan,2020-07-18 20:57:59,Northern
ABALAK,58.13,68.59,19.52,85,1,2.47,RU,Russian Federation,2020-07-18 20:57:59,Northern
CHAPAIS,49.78,-74.85,25.0,50,90,1.5,CA,Canada,2020-07-18 20:57:59,Northern
ZABAYKALSK,49.63,117.32,15.36,95,100,1.44,RU,Russian Federation,2020-07-18 20:57:59,Northern
BELMONTE,-15.86,-38.88,23.0,69,40,2.1,BR,Brazil,2020-07-18 20:57:59,Southern
ARDESEN,41.19,40.99,24.0,88,75,1.5,TR,Turkey,2020-07-18 20:57:59,Northern
SAINT-PIERRE,-21.34,55.48,19.0,88,90,5.7,RE,Réunion,2020-07-18 20:57:59,Southern
MALE,4.17,73.51,28.0,78,75,7.7,MV,Maldives,2020-07-18 20:54:35,Northern
SHARANGA,57.18,46.54,14.2,93,53,1.95,RU,Russian Federation,2020-07-18 20:57:59,Northern
BAHERDEN,38.44,57.43,32.28,17,0,0.54,TM,Turkmenistan,2020-07-18 20:58:00,Northern
CHUZHOU,32.32,118.3,23.84,97,100,1.99,CN,China,2020-07-18 20:58:00,Northern
SABHA,27.04,14.43,33.78,19,4,4.66,LY,Libya,2020-07-18 20:56:31,Northern
VANIMO,-2.67,141.3,25.05,84,100,2.38,PG,Papua New Guinea,2020-07-18 20:58:00,Southern
BONTHE,7.53,-12.51,24.63,84,100,1.17,SL,Sierra Leone,2020-07-18 20:58:00,Northern
VILLAMONTES,-21.25,-63.5,33.0,34,0,3.74,BO,"Bolivia, Plurinational State of",2020-07-18 20:58:00,Southern
ROALD,62.58,6.13,15.0,62,2,6.7,NO,Norway,2020-07-18 20:58:00,Northern
KUNGURTUG,50.6,97.52,7.14,77,15,0.39,RU,Russian Federation,2020-07-18 20:58:00,Northern
LAKE CHARLES,30.21,-93.2,32.22,59,75,3.1,US,United States,2020-07-18 20:58:01,Northern
SESHEKE,-17.48,24.3,10.0,53,0,1.0,ZM,Zambia,2020-07-18 20:58:01,Southern
INHAMBANE,-23.86,35.38,17.76,81,1,2.03,MZ,Mozambique,2020-07-18 20:58:01,Southern
TESSALIT,20.2,1.01,32.59,27,29,3.87,ML,Mali,2020-07-18 20:58:01,Northern
TRINCOMALEE,8.57,81.23,28.0,75,100,2.26,LK,Sri Lanka,2020-07-18 20:58:01,Northern
ORANJEMUND,-28.55,16.43,16.33,36,0,2.78,NA,Namibia,2020-07-18 20:58:01,Southern
MANONO,-7.3,27.42,20.23,38,6,3.41,CD,"Congo, The Democratic Republic of the",2020-07-18 20:58:01,Southern
NARDARAN,40.56,50.01,24.0,88,0,2.1,AZ,Azerbaijan,2020-07-18 20:58:01,Northern
SMITHFIELD,41.92,-71.55,33.33,52,20,2.6,US,United States,2020-07-18 20:56:25,Northern
ERENHOT,43.65,111.98,17.8,47,0,2.08,CN,China,2020-07-18 20:58:01,Northern
CORPUS CHRISTI,27.8,-97.4,33.33,55,40,6.2,US,United States,2020-07-18 20:54:19,Northern
UST-NERA,64.57,143.2,17.63,44,100,1.61,RU,Russian Federation,2020-07-18 20:58:02,Northern
MABAMA,-5.13,32.53,14.0,76,87,2.38,TZ,"Tanzania, United Republic of",2020-07-18 20:58:02,Southern
HAMILTON,39.18,-84.53,35.0,52,75,5.1,US,United States,2020-07-18 20:46:07,Northern
ITAREMA,-2.92,-39.92,26.48,74,98,5.46,BR,Brazil,2020-07-18 20:58:02,Southern
PUEBLO NUEVO,23.38,-105.38,20.98,83,81,1.59,MX,Mexico,2020-07-18 20:58:02,Northern
MWENE-DITU,-7.0,23.45,17.35,42,0,2.08,CD,"Congo, The Democratic Republic of the",2020-07-18 20:58:02,Southern
SOYO,-6.13,12.37,22.08,87,0,3.4,AO,Angola,2020-07-18 20:58:02,Southern
BELAYA GORA,68.53,146.42,15.04,54,15,6.04,RU,Russian Federation,2020-07-18 20:58:02,Northern
UST-ISHIM,57.69,71.17,18.16,84,99,1.3,RU,Russian Federation,2020-07-18 20:58:02,Northern
HAMI,42.8,93.45,26.82,17,57,1.28,CN,China,2020-07-18 20:58:03,Northern
WILLOWMORE,-33.29,23.49,9.92,41,0,2.37,ZA,South Africa,2020-07-18 20:58:03,Southern
SVETLYY,54.67,20.13,16.0,87,6,1.0,RU,Russian Federation,2020-07-18 20:58:03,Northern
PAHRUMP,36.21,-115.98,41.67,7,0,1.34,US,United States,2020-07-18 20:55:19,Northern
RAWSON,-43.3,-65.1,7.99,79,99,5.23,AR,Argentina,2020-07-18 20:58:03,Southern
CAMACHA,33.08,-16.33,21.0,88,40,3.6,PT,Portugal,2020-07-18 20:58:03,Northern
BANGUI,4.36,18.55,23.0,88,20,0.63,CF,Central African Republic,2020-07-18 20:58:03,Northern
KLAKSVIK,62.23,-6.59,10.0,87,46,5.1,FO,Faroe Islands,2020-07-18 20:58:03,Northern
NAZE,28.37,129.48,27.0,88,100,2.6,JP,Japan,2020-07-18 20:58:03,Northern
BALLINA,-28.87,153.57,11.67,93,40,3.1,AU,Australia,2020-07-18 20:58:04,Southern
ANTALAHA,-14.9,50.28,19.09,79,7,4.66,MG,Madagascar,2020-07-18 20:58:04,Southern
PIACABUCU,-10.41,-36.43,23.71,77,99,4.59,BR,Brazil,2020-07-18 20:53:06,Southern
NARA,34.69,135.8,24.44,83,75,1.5,JP,Japan,2020-07-18 20:58:04,Northern
BILIBINO,68.05,166.44,16.46,66,48,2.47,RU,Russian Federation,2020-07-18 20:58:04,Northern
PLACIDO DE CASTRO,-10.34,-67.19,32.57,37,0,1.57,BR,Brazil,2020-07-18 20:58:04,Southern
PORTO SANTO,33.07,-16.34,21.0,88,40,3.6,PT,Portugal,2020-07-18 20:58:04,Northern
MALINDI,-3.22,40.12,24.83,75,35,10.36,KE,Kenya,2020-07-18 20:58:04,Southern
SANTA CRUZ,-17.8,-63.17,29.0,62,40,12.3,BO,"Bolivia, Plurinational State of",2020-07-18 20:53:50,Southern
NEW IBERIA,30.0,-91.82,33.0,66,75,3.1,US,United States,2020-07-18 20:58:05,Northern
ANKPA,7.37,7.63,22.31,88,38,1.74,NG,Nigeria,2020-07-18 20:58:05,Northern
BONGOUANOU,6.65,-4.2,22.5,95,86,1.57,CI,Côte d'Ivoire,2020-07-18 20:58:05,Northern
GODO,35.42,136.6,23.89,88,75,4.1,JP,Japan,2020-07-18 20:58:05,Northern
DISPUR,26.14,91.79,26.25,86,100,1.16,IN,India,2020-07-18 20:58:05,Northern
KAILUA,21.4,-157.74,27.78,83,90,4.6,US,United States,2020-07-18 20:58:05,Northern
IQUITOS,-3.75,-73.25,27.0,78,75,2.1,PE,Peru,2020-07-18 20:58:05,Southern
LASA,46.62,10.7,14.0,62,40,3.1,IT,Italy,2020-07-18 20:58:06,Northern
BUTURLINOVKA,50.82,40.61,14.96,88,0,1.34,RU,Russian Federation,2020-07-18 20:58:06,Northern
SEMBABULE,-0.08,31.46,17.7,64,80,0.86,UG,Uganda,2020-07-18 20:58:06,Southern
PENZANCE,50.12,-5.54,17.22,93,100,4.6,GB,United Kingdom,2020-07-18 20:58:06,Northern
KARATON,-6.34,106.1,25.0,88,20,1.0,ID,Indonesia,2020-07-18 20:58:06,Southern
HANNA,51.63,-111.9,18.33,60,25,4.92,CA,Canada,2020-07-18 20:58:06,Northern
SAN POLICARPO,12.18,125.51,27.54,80,100,5.61,PH,Philippines,2020-07-18 20:58:06,Northern
NAGO,26.59,127.98,27.0,88,1,3.6,JP,Japan,2020-07-18 20:58:06,Northern
CHICAMA,-7.84,-79.15,20.72,63,14,4.66,PE,Peru,2020-07-18 20:58:07,Southern
SAN COSME Y DAMIAN,-27.32,-56.35,30.0,40,0,3.1,PY,Paraguay,2020-07-18 20:58:07,Southern
GENHE,50.78,121.52,15.38,92,100,2.02,CN,China,2020-07-18 20:58:07,Northern
GRIFFITH,41.53,-87.42,32.78,70,40,7.2,US,United States,2020-07-18 20:58:07,Northern
JARU,-10.44,-62.47,32.23,43,0,0.38,BR,Brazil,2020-07-18 20:58:07,Southern
CAPAO DA CANOA,-29.75,-50.01,18.67,85,1,4.17,BR,Brazil,2020-07-18 20:58:07,Southern
BANDARBEYLA,9.49,50.81,26.34,64,3,14.72,SO,Somalia,2020-07-18 20:58:07,Northern
BRAE,60.4,-1.35,12.0,81,20,8.2,GB,United Kingdom,2020-07-18 20:58:07,Northern
TURBAT,26.0,63.04,32.66,61,99,2.56,PK,Pakistan,2020-07-18 20:58:07,Northern
CAMPO VERDE,-20.42,-54.07,30.0,27,0,5.1,BR,Brazil,2020-07-18 20:58:07,Southern
BRYAN,30.67,-96.37,35.0,47,75,2.6,US,United States,2020-07-18 20:57:10,Northern
CARNOT,4.94,15.87,21.69,90,94,0.77,CF,Central African Republic,2020-07-18 20:58:08,Northern
ACAJUTLA,13.59,-89.83,31.0,55,20,1.5,SV,El Salvador,2020-07-18 20:55:53,Northern
TIZNIT,29.58,-9.5,27.8,28,0,1.79,MA,Morocco,2020-07-18 20:58:08,Northern
NOVOPOKROVKA,49.84,36.55,20.0,60,0,4.0,UA,Ukraine,2020-07-18 20:58:08,Northern
KAMARIOTISSA,40.48,25.47,22.0,78,0,8.81,GR,Greece,2020-07-18 20:58:08,Northern
CODRINGTON,-38.27,141.97,7.57,92,0,6.26,AU,Australia,2020-07-18 20:58:08,Southern
KASET SOMBUN,16.28,101.95,25.4,81,100,1.76,TH,Thailand,2020-07-18 20:58:08,Northern
KAVARATTI,10.57,72.64,28.07,77,100,8.93,IN,India,2020-07-18 20:58:08,Northern
ATAR,20.52,-13.05,38.81,17,45,3.51,MR,Mauritania,2020-07-18 20:58:09,Northern
NASSJO,57.65,14.7,16.0,82,96,1.5,SE,Sweden,2020-07-18 20:58:09,Northern
GONDANGLEGI,-7.75,112.01,22.99,84,100,4.63,ID,Indonesia,2020-07-18 20:58:09,Southern
VAO,-22.67,167.48,21.06,74,25,6.71,NC,New Caledonia,2020-07-18 20:58:09,Southern
ADRAR,20.5,-10.07,36.71,18,42,2.38,MR,Mauritania,2020-07-18 20:58:09,Northern
VETLANDA,57.43,15.08,18.0,77,90,2.1,SE,Sweden,2020-07-18 20:58:09,Northern
ITAMARACA,-7.75,-34.83,26.0,69,40,6.2,BR,Brazil,2020-07-18 20:58:09,Southern
VAITAPE,-16.52,-151.75,24.5,82,91,8.94,PF,French Polynesia,2020-07-18 20:58:09,Southern
NARON,43.52,-8.15,23.0,64,0,1.5,ES,Spain,2020-07-18 20:58:09,Northern
GHANZI,-21.57,21.78,9.29,47,0,3.24,BW,Botswana,2020-07-18 20:58:10,Southern
SIOUX LOOKOUT,50.1,-91.92,29.0,58,75,3.1,CA,Canada,2020-07-18 20:58:10,Northern
MORRISTOWN,36.21,-83.29,34.44,41,40,2.6,US,United States,2020-07-18 20:58:10,Northern
WESTPORT,41.14,-73.36,32.78,40,1,5.1,US,United States,2020-07-18 20:53:10,Northern
MERRILL,45.18,-89.68,30.0,66,1,3.6,US,United States,2020-07-18 20:58:10,Northern
NOVSKA,45.34,16.98,15.0,93,40,1.0,HR,Croatia,2020-07-18 20:58:10,Northern
BUD,39.45,-86.18,32.22,59,75,4.47,US,United States,2020-07-18 20:58:10,Northern
TOTORAL,-17.41,-70.36,18.18,29,15,2.33,PE,Peru,2020-07-18 20:58:11,Southern
MOUNT ISA,-20.73,139.5,3.0,51,0,3.97,AU,Australia,2020-07-18 20:58:11,Southern
SUBA,10.84,121.01,29.36,71,64,4.57,PH,Philippines,2020-07-18 20:58:11,Northern
CHALUS,36.66,51.42,27.0,83,75,1.0,IR,"Iran, Islamic Republic of",2020-07-18 20:58:11,Northern
BOUAR,5.93,15.6,19.36,95,92,0.84,CF,Central African Republic,2020-07-18 20:58:11,Northern
BANJAR,-8.19,114.97,24.08,78,19,2.31,ID,Indonesia,2020-07-18 20:58:11,Southern
SIBOLGA,1.74,98.78,24.71,78,100,1.76,ID,Indonesia,2020-07-18 20:58:11,Northern
MASUGURU,-11.37,38.42,23.52,46,80,1.77,TZ,"Tanzania, United Republic of",2020-07-18 20:58:11,Southern
HEALDSBURG,38.61,-122.87,30.56,44,1,1.5,US,United States,2020-07-18 20:54:12,Northern
SAINT ANTHONY,45.02,-93.22,32.78,62,90,3.1,US,United States,2020-07-18 20:58:12,Northern
PORT KEATS,-14.25,129.55,16.4,58,0,2.54,AU,Australia,2020-07-18 20:58:12,Southern
PEACE RIVER,56.25,-117.29,20.0,64,75,2.1,CA,Canada,2020-07-18 20:54:33,Northern
ROSARITO,32.33,-117.03,26.0,57,5,8.2,MX,Mexico,2020-07-18 20:58:12,Northern
SAINT-FRANCOIS,46.42,3.91,20.0,60,30,1.59,FR,France,2020-07-18 20:58:12,Northern
UTETE,-7.99,38.76,19.93,82,37,1.51,TZ,"Tanzania, United Republic of",2020-07-18 20:58:12,Southern
MAKARYEV,57.88,43.81,13.49,96,78,2.06,RU,Russian Federation,2020-07-18 20:58:12,Northern
IZHMA,65.01,53.91,13.58,92,39,2.18,RU,Russian Federation,2020-07-18 20:58:12,Northern
TODOS SANTOS,23.45,-110.22,26.67,80,39,1.79,MX,Mexico,2020-07-18 20:58:12,Northern
YAROVOYE,52.93,78.58,15.92,79,0,4.29,RU,Russian Federation,2020-07-18 20:58:13,Northern
RILA,42.13,23.13,16.67,88,100,1.34,BG,Bulgaria,2020-07-18 20:58:13,Northern
LENINGRADSKIY,69.38,178.42,3.77,79,96,4.84,RU,Russian Federation,2020-07-18 20:58:13,Northern
TABOU,4.42,-7.35,24.5,86,5,3.16,CI,Côte d'Ivoire,2020-07-18 20:58:13,Northern
ANTIGUO MORELOS,22.55,-99.08,36.67,34,31,5.36,MX,Mexico,2020-07-18 20:58:13,Northern
ILHEUS,-14.79,-39.05,21.93,75,0,4.55,BR,Brazil,2020-07-18 20:58:13,Southern
KAEO,-35.1,173.78,15.0,3,100,4.02,NZ,New Zealand,2020-07-18 20:58:13,Southern
